random_number,random_date,random_character
59,2015-11-21,9b72c8a8be
52,2015-07-05,4cf0a460d3
75,2015-04-28,346bd73467
37,2015-10-13,a0c13f137c
46,2016-05-19,edb888fab2
61,2016-07-17,4c384397db
38,2015-11-30,294c9ff771
19,2015-02-27,d03626929c
29,2016-03-04,03bbf50344
20,2016-01-14,6b6d8a5e08
24,2015-11-19,2f88c2b3ea
54,2015-10-20,c45221e94d
58,2015-09-07,77ee0c1d84
47,2015-02-02,2cf90a4056
51,2015-11-08,bcd3e17c1b
77,2015-08-09,fdd06e7e95
16,2015-08-23,06e714d863
73,2015-06-02,24290658d9
64,2016-03-01,c847688a98
72,2016-03-21,774eaf941a
53,2015-05-17,7a6f43a496
32,2015-10-27,cb0c54b01d
58,2016-02-26,29bd3b4f67
11,2015-04-20,a9f6e7f031
37,2015-07-29,00ebacf630
71,2016-01-02,7b5a862875
13,2016-06-30,1f3c3e92c8
77,2016-07-26,846a8439ac
46,2016-04-21,c567f5baa1
48,2016-09-09,9820d78cb8
73,2015-05-08,f75bd24809
28,2015-08-26,6483ba6032
54,2015-06-08,df410e9cf3
29,2016-01-25,d46690024f
36,2015-02-09,604b62fcfc
11,2016-01-21,724baf983f
22,2016-04-07,c438764bbf
53,2016-07-29,7275bc8c0e
56,2016-03-09,8c5c4a6a5e
74,2016-06-06,a9658c599d
63,2015-05-30,9a4f102393
55,2015-08-24,c774d35187
40,2015-02-07,d177106e97
11,2016-11-04,250a5109ed
37,2016-01-26,d7721c7661
72,2015-03-27,fa91870456
24,2015-06-08,ed2aedb192
29,2016-08-23,75cc3844c7
33,2016-01-15,5ef0944b40
63,2015-06-02,f4ae71a7a2
13,2015-08-05,70a71dddf8
31,2016-03-12,82f929b4bb
42,2015-11-02,66755c79e5
11,2016-07-17,deaebea62e
29,2015-07-16,3395e3c638
53,2016-05-19,4037e69571
54,2015-07-19,40e5b89530
75,2016-03-05,072ceef850
31,2015-09-22,5dacc01bb5
23,2016-08-11,304620771e
67,2016-01-25,90bc5cdcd2
14,2015-07-22,64b5904bb5
36,2016-11-06,f238901073
13,2015-03-28,18c7939a2e
66,2016-06-23,35fef2597b
33,2015-09-17,1eabfd05ab
14,2015-01-11,6f93d40306
78,2016-03-28,3edb8c6dab
47,2015-05-07,89f01db2f9
64,2015-05-13,2603d54eac
41,2015-01-18,90c03d1567
51,2016-04-08,fa0e93c638
17,2016-03-24,fde6387be5
11,2015-06-29,e269aea17b
28,2015-09-20,cd26c1895d
34,2016-09-14,cefbbc3d81
12,2016-07-04,d9fb83c0ee
16,2015-02-09,2745317682
30,2016-08-06,2197b69e3f
56,2016-07-14,726534971c
44,2016-04-19,59a4f676d1
62,2016-09-05,0163875087
30,2016-04-30,b52f4968fc
16,2016-09-17,7c686eee95
66,2016-03-25,9a1daa56fc
57,2016-11-24,6ee0a39bf7
69,2015-05-14,e4b841bc5c
23,2016-11-30,fdfcefec3a
49,2016-11-20,a8c78cd81c
49,2016-09-29,2052885b20
35,2016-04-07,3821eff5d7
61,2015-04-29,6fd4362984
40,2016-07-25,a8ea7545a8
76,2016-09-05,90948ca097
76,2015-05-28,8e37cd1eb7
57,2015-08-01,a1d1430c9c
28,2015-05-04,f205934dd7
29,2016-08-17,fcdda64b03
51,2015-11-21,7b6d9048f8
71,2016-04-14,bc94cc8cb2
